<?xml version="1.0" encoding="UTF-8"?><database>
    <element audit="true" extends="task" label="NeedIt" max_length="40" name="x_58872_needit_needit" type="collection">
        <element attributes="edge_encryption_enabled=true" label="Other" max_length="40" name="u_other" type="string"/>
        <element label="Requested for" mandatory="true" max_length="32" name="u_requested_for" reference="sys_user" type="reference"/>
        <element attributes="edge_encryption_enabled=true" label="Requested for email" mandatory="true" max_length="40" name="u_requested_for_email" type="string"/>
        <element attributes="edge_encryption_enabled=true" choice="3" default="legal" label="Request type" mandatory="true" max_length="40" name="u_request_type" type="string">
            <choice>
                <element inactive_on_update="false" label="Legal" sequence="0" value="legal"/>
                <element inactive_on_update="false" label="Facilities" sequence="1" value="facilities"/>
                <element inactive_on_update="false" label="Human Resources" sequence="2" value="hr"/>
            </choice>
        </element>
        <element attributes="edge_encryption_enabled=true" choice="3" default="legal1" label="What needed" mandatory="true" max_length="40" name="u_what_needed" type="string">
            <choice>
                <element inactive_on_update="false" label="Legal 1" sequence="0" value="legal1"/>
                <element inactive_on_update="false" label="Legal 2" sequence="1" value="legal2"/>
                <element inactive_on_update="false" label="Facilities 1" sequence="2" value="facilities1"/>
                <element inactive_on_update="false" label="Facilities 2" sequence="3" value="facilities2"/>
                <element inactive_on_update="false" label="Human Resources 1" sequence="4" value="hr1"/>
                <element inactive_on_update="false" label="Human Resources 2" sequence="5" value="hr2"/>
                <element inactive_on_update="false" label="Other" sequence="6" value="other"/>
            </choice>
        </element>
        <element label="When needed" mandatory="true" max_length="40" name="u_when_needed" type="glide_date_time"/>
    </element>
</database>
