<?xml version="1.0" encoding="UTF-8"?><record_update sys_domain="global" table="pa_cubes">
    <pa_cubes action="INSERT_OR_UPDATE">
        <benchmarking>false</benchmarking>
        <conditions table="x_58872_needit_needit">active=true<item endquery="false" field="active" goto="false" newquery="false" operator="=" or="false" value="true"/>
        </conditions>
        <description>Active NeedIt requests this week</description>
        <facts_table>x_58872_needit_needit</facts_table>
        <facts_table_pk/>
        <facts_table_pktable/>
        <facts_table_pkview/>
        <frequency>20</frequency>
        <name>NeedIt.ActiveWeekly</name>
        <report_source/>
        <report_source_updated_at>2018-11-14 03:43:59</report_source_updated_at>
        <sys_class_name>pa_cubes</sys_class_name>
        <sys_created_by>admin</sys_created_by>
        <sys_created_on>2018-11-13 19:49:05</sys_created_on>
        <sys_domain>global</sys_domain>
        <sys_domain_path>/</sys_domain_path>
        <sys_id>5c7eaf38db7123006a326a4948961941</sys_id>
        <sys_mod_count>0</sys_mod_count>
        <sys_name>NeedIt.ActiveWeekly</sys_name>
        <sys_overrides/>
        <sys_package display_value="NeedIt" source="x_58872_needit">6ead8e780f603200cd674f8ce1050ed1</sys_package>
        <sys_policy/>
        <sys_scope display_value="NeedIt">6ead8e780f603200cd674f8ce1050ed1</sys_scope>
        <sys_update_name>pa_cubes_5c7eaf38db7123006a326a4948961941</sys_update_name>
        <sys_updated_by>admin</sys_updated_by>
        <sys_updated_on>2018-11-13 19:49:05</sys_updated_on>
    </pa_cubes>
    <sys_translated_text action="delete_multiple" query="documentkey=5c7eaf38db7123006a326a4948961941"/>
</record_update>
