<?xml version="1.0" encoding="UTF-8"?><record_update sys_domain="global" table="pa_cubes">
    <pa_cubes action="INSERT_OR_UPDATE">
        <benchmarking>false</benchmarking>
        <conditions table="x_58872_needit_needit">u_when_neededONThis month@javascript:gs.beginningOfThisMonth()@javascript:gs.endOfThisMonth()<item endquery="false" field="u_when_needed" goto="false" newquery="false" operator="ON" or="false" value="This month@javascript:gs.beginningOfThisMonth()@javascript:gs.endOfThisMonth()"/>
        </conditions>
        <description>NeedIt requests due  this month</description>
        <facts_table>x_58872_needit_needit</facts_table>
        <facts_table_pk/>
        <facts_table_pktable/>
        <facts_table_pkview/>
        <frequency>40</frequency>
        <name>NeedIt.ThisMonth</name>
        <report_source/>
        <report_source_updated_at/>
        <sys_class_name>pa_cubes</sys_class_name>
        <sys_created_by>admin</sys_created_by>
        <sys_created_on>2018-11-13 19:15:05</sys_created_on>
        <sys_domain>global</sys_domain>
        <sys_domain_path>/</sys_domain_path>
        <sys_id>0fffd3fcdb3123006a326a49489619af</sys_id>
        <sys_mod_count>0</sys_mod_count>
        <sys_name>NeedIt.ThisMonth</sys_name>
        <sys_overrides/>
        <sys_package display_value="NeedIt" source="x_58872_needit">6ead8e780f603200cd674f8ce1050ed1</sys_package>
        <sys_policy/>
        <sys_scope display_value="NeedIt">6ead8e780f603200cd674f8ce1050ed1</sys_scope>
        <sys_update_name>pa_cubes_0fffd3fcdb3123006a326a49489619af</sys_update_name>
        <sys_updated_by>admin</sys_updated_by>
        <sys_updated_on>2018-11-13 19:15:05</sys_updated_on>
    </pa_cubes>
    <sys_translated_text action="delete_multiple" query="documentkey=0fffd3fcdb3123006a326a49489619af"/>
</record_update>
