<?xml version="1.0" encoding="UTF-8"?><record_update table="sys_embedded_help_role">
    <sys_embedded_help_role action="INSERT_OR_UPDATE">
        <order>10</order>
        <role display_value="x_58872_needit.admin" name="x_58872_needit.admin">168e57609f213200bde5f79ff57fcfb4</role>
        <sys_class_name>sys_embedded_help_role</sys_class_name>
        <sys_created_by>system</sys_created_by>
        <sys_created_on>2017-06-06 13:42:27</sys_created_on>
        <sys_id>ac31f23b4f8bb2004e584b8d0210c79f</sys_id>
        <sys_mod_count>0</sys_mod_count>
        <sys_name>168e57609f213200bde5f79ff57fcfb4</sys_name>
        <sys_package display_value="NeedIt" source="x_58872_needit">6ead8e780f603200cd674f8ce1050ed1</sys_package>
        <sys_policy/>
        <sys_scope display_value="NeedIt">6ead8e780f603200cd674f8ce1050ed1</sys_scope>
        <sys_update_name>sys_embedded_help_role_ac31f23b4f8bb2004e584b8d0210c79f</sys_update_name>
        <sys_updated_by>system</sys_updated_by>
        <sys_updated_on>2017-06-06 13:42:27</sys_updated_on>
    </sys_embedded_help_role>
</record_update>
