<?xml version="1.0" encoding="UTF-8"?><record_update table="ua_table_licensing_config">
    <ua_table_licensing_config action="INSERT_OR_UPDATE">
        <is_fulfillment>false</is_fulfillment>
        <license_condition/>
        <license_model>none</license_model>
        <license_roles/>
        <name>x_58872_needit_needit</name>
        <op_delete>true</op_delete>
        <op_insert>true</op_insert>
        <op_update>true</op_update>
        <owner_condition/>
        <sys_class_name>ua_table_licensing_config</sys_class_name>
        <sys_created_by>admin</sys_created_by>
        <sys_created_on>2017-01-24 22:46:35</sys_created_on>
        <sys_id>d7e174191bea4410c6956356bd4bcb5d</sys_id>
        <sys_mod_count>0</sys_mod_count>
        <sys_name>x_58872_needit_needit</sys_name>
        <sys_package display_value="NeedIt" source="x_58872_needit">6ead8e780f603200cd674f8ce1050ed1</sys_package>
        <sys_policy/>
        <sys_scope display_value="NeedIt">6ead8e780f603200cd674f8ce1050ed1</sys_scope>
        <sys_update_name>ua_table_licensing_config_d7e174191bea4410c6956356bd4bcb5d</sys_update_name>
        <sys_updated_by>admin</sys_updated_by>
        <sys_updated_on>2017-01-24 22:46:35</sys_updated_on>
    </ua_table_licensing_config>
</record_update>
